epoch,N,L1,SSIM,LPIPS,Masked_L1,Masked_SSIM,Masked_LPIPS
150,241,0.01937638517252761,0.8567888347810729,0.3177861909525028,0.028988319030925223,nan,0.04419665300592595
200,241,0.019350121054736533,0.8583209774306206,0.31485767953128735,0.028802817688334505,nan,0.044119237037182346
